Latitude,Longitude,Elevation
45.43344500,-75.7246420,49.0
45.43240700,-75.7244530,52.0
45.43265000,-75.7280130,50.0
45.43886700,-75.7260420,49.0
45.45069500,-75.7161220,47.0
45.46154800,-75.7149670,40.0
45.45890700,-75.7147030,45.0
45.46027500,-75.7186570,44.0
45.46097000,-75.7164880,45.0
45.45195000,-75.7160470,48.0
45.44695700,-75.7203350,44.0
45.44069200,-75.7195700,46.0
45.43556500,-75.6976330,56.0
45.43639500,-75.6922150,56.0
45.42876500,-75.6859870,63.0
45.42743300,-75.6887020,63.0
45.42500200,-75.6877680,71.0
45.42201500,-75.6939200,72.0
45.42099700,-75.6927450,72.0
45.42315200,-75.6875330,70.0
45.41636300,-75.6747400,62.0
45.40628500,-75.6978530,71.0
45.40153000,-75.7167850,73.0
45.39706500,-75.7275280,72.0
45.36591700,-75.7596650,84.0
45.34707200,-75.7948400,67.0
45.34321800,-75.8146220,66.0
45.33997300,-75.8155070,70.0
45.32600300,-75.8065800,90.0
45.31696800,-75.8050320,90.0
45.30022000,-75.7924850,94.0
45.29622500,-75.7940230,100.0
45.28841300,-75.8044380,114.0
45.28285300,-75.8056500,116.0
45.26462200,-75.7908650,107.0
45.24942300,-75.7817030,94.0
45.24635500,-75.7767420,92.0
45.24413800,-75.7637230,93.0
45.24130300,-75.7584270,94.0
45.21728500,-75.7433670,96.0
45.18964000,-75.7213880,93.0
45.16181200,-75.6881320,94.0
45.13271300,-75.6754320,93.0
45.11634300,-75.6745750,88.0
45.10343200,-75.6600670,88.0
45.08682000,-75.6487250,87.0
45.07986300,-75.6314580,87.0
45.06770700,-75.6213200,84.0
45.01264300,-75.6276600,97.0
44.99638500,-75.6131570,98.0
44.97804300,-75.6087300,109.0
44.93736800,-75.5770230,97.0
44.93099800,-75.5754050,100.0
44.90632700,-75.5756220,103.0
44.89038000,-75.5701700,114.0
44.87490800,-75.5601670,95.0
44.85899800,-75.5443530,94.0
44.84541500,-75.5359730,89.0
44.84145000,-75.5412770,88.0
44.84327000,-75.5464150,93.0
44.83575200,-75.5578530,104.0
44.81698500,-75.5761530,101.0
44.81374500,-75.5905430,95.0
44.80391700,-75.6075850,104.0
44.79631200,-75.6058270,102.0
44.78859800,-75.5990980,98.0
44.77710500,-75.5819220,100.0
44.77830300,-75.5722750,99.0
44.75896200,-75.5542980,117.0
44.71632200,-75.5196850,92.0
44.71032000,-75.5129350,84.0
44.69977800,-75.5314170,79.0
44.69790800,-75.5378270,79.0
44.67803300,-75.5624500,79.0
44.65927000,-75.5791820,83.0
44.65015000,-75.5968630,84.0
44.63960300,-75.6066880,81.0
44.62641800,-75.6261570,81.0
44.61724700,-75.6454450,93.0
44.61064000,-75.6524050,95.0
44.59001200,-75.6836030,88.0
44.58245000,-75.6977520,84.0
44.57713000,-75.7030380,80.0
44.56926700,-75.7201670,75.0
44.55907700,-75.7281350,85.0
44.55217000,-75.7424450,82.0
44.54625500,-75.7482780,98.0
44.54229200,-75.7570030,91.0
44.53176200,-75.7664530,96.0
44.52300700,-75.7827380,104.0
44.52535200,-75.7944480,94.0
44.52532800,-75.8022230,86.0
44.52473300,-75.8074200,90.0
44.52096000,-75.8143000,90.0
44.52189000,-75.8223570,100.0
44.51110700,-75.8331380,94.0
44.50255300,-75.8448980,104.0
44.49410800,-75.8620480,105.0
44.46564300,-75.8926150,105.0
44.45364500,-75.9094850,93.0
44.44372200,-75.9273800,96.0
44.43552300,-75.9483900,91.0
44.43078800,-75.9523800,90.0
44.42629700,-75.9634600,93.0
44.40379800,-75.9951180,106.0
44.38622200,-76.0331280,101.0
44.38603500,-76.0466080,95.0
44.38415300,-76.0571630,94.0
44.35554700,-76.1057400,85.0
44.35323500,-76.1228000,93.0
44.34176800,-76.1373420,79.0
44.33867500,-76.1432250,80.0
44.33815800,-76.1492370,87.0
44.32841800,-76.1643750,82.0
44.32650700,-76.1645070,81.0
44.32496500,-76.1619750,79.0
44.32315200,-76.1628830,75.0
44.32605000,-76.1581430,80.0
44.32962700,-76.1624520,92.0
44.33581000,-76.1521150,90.0
44.33707700,-76.1521420,87.0
44.33688500,-76.1518430,90.0
44.33962000,-76.1414380,80.0
44.34425000,-76.1495930,88.0
44.34530700,-76.1639950,96.0
44.33875200,-76.2080420,82.0
44.33169700,-76.2311100,92.0
44.32167800,-76.3468430,98.0
44.31632300,-76.3795630,100.0
44.30250300,-76.4108930,88.0
44.29486200,-76.4182720,103.0
44.28778800,-76.4327370,97.0
44.27719300,-76.4761420,104.0
44.26908800,-76.4942130,99.0
44.27027000,-76.5116700,93.0
44.27596000,-76.5331130,100.0
44.27794500,-76.5483730,111.0
44.29022500,-76.5818720,88.0
44.28773000,-76.5933320,120.0
44.28717200,-76.6332380,116.0
44.27625300,-76.8636280,122.0
44.27241200,-76.9157480,127.0
44.26558800,-76.9413170,90.0
44.26652200,-76.9592900,96.0
44.25342800,-76.9989900,94.0
44.21757300,-77.2586480,118.0
44.21781000,-77.2674000,108.0
44.22188700,-77.2823850,106.0
44.22175300,-77.2913850,114.0
44.20587000,-77.3579820,104.0
44.19580800,-77.3845730,96.0
44.16002000,-77.5253170,110.0
44.11937200,-77.6100100,103.0
44.11720800,-77.6435720,148.0
44.10884300,-77.6629970,184.0
44.10020700,-77.6929120,184.0
44.09098300,-77.7074050,179.0
44.08222700,-77.7295900,186.0
44.07722500,-77.7501800,193.0
44.07506000,-77.7683780,199.0
44.06190300,-77.7862400,201.0
44.06020800,-77.8011950,186.0
44.05402000,-77.8230270,175.0
44.04589800,-77.8336800,186.0
44.04187000,-77.8483570,178.0
44.02716300,-77.8859200,174.0
44.01849700,-77.9320280,160.0
44.01151000,-77.9905780,161.0
44.00204200,-78.0359730,168.0
43.99771700,-78.0649470,145.0
43.99834500,-78.0715800,145.0
44.00310000,-78.0845270,169.0
44.00463500,-78.1155180,175.0
43.99997200,-78.1314650,142.0
43.99366800,-78.1444980,142.0
43.99215200,-78.1613950,115.0
43.98704800,-78.1710130,109.0
43.98143300,-78.1889950,102.0
43.97888700,-78.2078700,107.0
43.98346500,-78.2289700,118.0
43.97103200,-78.2796200,111.0
43.97084800,-78.2862820,109.0
43.97187300,-78.2881500,105.0
43.97336000,-78.2876100,106.0
43.97160000,-78.2865030,107.0
43.97233800,-78.2855800,107.0
43.97435300,-78.2873750,104.0
43.97023000,-78.2878480,107.0
43.96527200,-78.3358170,142.0
43.92415200,-78.5205500,150.0
43.90416800,-78.6176780,96.0
43.89861000,-78.6767020,82.0
43.88563300,-78.7108920,94.0
43.87558300,-78.7916130,100.0
43.87725200,-78.8000030,96.0
43.88564200,-78.8157720,82.0
43.88711500,-78.8304230,89.0
43.86606800,-78.9196680,87.0
43.86732200,-78.9566730,81.0
43.86417000,-78.9771380,81.0
43.84604500,-79.0552750,86.0
43.82270500,-79.1057570,93.0
43.79605800,-79.1483630,114.0
43.79575300,-79.1543200,124.0
43.79968200,-79.1666500,126.0
43.79989000,-79.1739650,127.0
43.79356700,-79.2161520,160.0
43.78441200,-79.2396900,170.0
43.76907700,-79.3102980,176.0
43.76824300,-79.3315670,177.0
43.76931300,-79.3380930,176.0
43.72292800,-79.3302780,130.0
43.71337200,-79.3255770,121.0
43.70807300,-79.3309020,105.0
43.70206500,-79.3336480,92.0
43.69761800,-79.3423070,100.0
43.69748300,-79.3521700,99.0
43.69076700,-79.3597800,83.0
43.68167200,-79.3625720,100.0
43.67673000,-79.3619780,90.0
43.66951500,-79.3574350,76.0
43.65843300,-79.3540080,78.0
43.65144300,-79.3486600,78.0
43.64915500,-79.3518700,73.0
43.64908700,-79.3574470,78.0
43.64475800,-79.3746600,82.0
43.64333200,-79.3756050,79.0
43.64082500,-79.3733770,74.0
43.64094500,-79.3734970,74.0
43.64251200,-79.3729930,77.0
43.64400800,-79.3689270,78.0
43.64576200,-79.3701400,76.0
43.64530700,-79.3733750,85.0
43.64095000,-79.3823080,76.0
43.63533700,-79.4076020,77.0
43.63143000,-79.4143480,79.0
43.63006800,-79.4249650,76.0
43.63788700,-79.4484050,79.0
43.63765800,-79.4619450,77.0
43.63368000,-79.4731550,78.0
43.62741300,-79.4825880,92.0
43.61251200,-79.5515050,112.0
43.56418700,-79.6043030,98.0
43.55295500,-79.6129620,101.0
43.54687700,-79.6232370,104.0
43.50164700,-79.6727320,154.0
43.49641700,-79.6740720,136.0
43.47610200,-79.6725780,112.0
43.46829300,-79.6764580,104.0
43.37491300,-79.7788030,118.0
43.36740700,-79.7891530,117.0
43.35993700,-79.7795120,101.0
43.35458800,-79.7851150,100.0
43.34717300,-79.7973020,98.0
43.33317500,-79.7783270,84.0
43.33171200,-79.7813980,84.0
43.33504300,-79.7889430,88.0
43.33299800,-79.7913050,91.0
43.34257300,-79.8036750,100.0
43.33005000,-79.8186250,94.0
43.32701700,-79.8266530,97.0
43.31551200,-79.8413530,100.0
43.31440500,-79.8422600,102.0
43.31324500,-79.8389420,100.0
43.30471700,-79.8500320,100.0
43.31355300,-79.8621070,119.0
43.31067000,-79.8623950,113.0
43.30489800,-79.8699220,114.0
43.29769700,-79.8818350,107.0
43.29459300,-79.8926150,116.0
43.31212800,-79.9178000,223.0
43.30475700,-79.9280770,222.0
43.28061000,-80.0670550,239.0
43.29633200,-80.1127780,246.0
43.29923000,-80.1280920,257.0
43.30391700,-80.1360470,262.0
43.32251500,-80.1969480,265.0
43.32732700,-80.2066370,264.0
43.33060500,-80.2255080,266.0
43.33361300,-80.2329720,262.0
43.34497300,-80.2363520,267.0
43.34239300,-80.2514520,279.0
43.34060500,-80.2515420,285.0
43.34827500,-80.2762620,292.0
43.35453800,-80.2871780,294.0
43.35844800,-80.2865470,293.0
43.36195700,-80.2905380,297.0
43.37249800,-80.2959850,288.0
43.38551500,-80.3003250,302.0
43.38552800,-80.3006470,302.0
43.38094500,-80.3069250,289.0
43.38553300,-80.3009220,302.0
43.41595300,-80.3085880,321.0
43.41471200,-80.3123280,320.0
43.41348800,-80.3544480,282.0
43.40623500,-80.3695130,304.0
43.40407300,-80.3787850,311.0
43.40874300,-80.3870430,313.0
43.41566300,-80.4074630,305.0
43.42212700,-80.4205470,304.0
43.42576200,-80.4336080,336.0
43.43127000,-80.4412320,332.0
43.43618700,-80.4550250,324.0
43.44353700,-80.4566180,318.0
43.45693500,-80.4706070,327.0
43.46249300,-80.4696570,326.0
43.45760800,-80.4856330,334.0
43.45970300,-80.4870220,335.0
43.45869000,-80.4904180,341.0
43.46741700,-80.4996850,347.0
43.46536500,-80.5053930,344.0
43.47015700,-80.5126850,327.0
43.46731000,-80.5250770,339.0
43.46435200,-80.5255150,327.0
43.45597300,-80.5434580,344.0
43.44402800,-80.5782000,390.0
43.44569800,-80.5819850,397.0
43.44345300,-80.5805470,396.0
43.44187700,-80.5841630,400.0
43.43492800,-80.6287180,405.0
43.47581200,-80.6758330,365.0
43.46896700,-80.7819970,354.0
43.47131800,-80.7849470,353.0
43.47289700,-80.7842620,357.0
43.46836700,-80.7963700,355.0
43.76956300,-81.5283930,296.0
43.77472300,-81.5360170,291.0
43.77696000,-81.5484570,299.0
43.77689000,-81.6994650,220.0
43.80072000,-81.6996820,218.0
43.80238700,-81.7129020,209.0
43.80466200,-81.7144750,208.0
43.80297800,-81.7187980,206.0
43.80386500,-81.7143830,211.0
43.80241800,-81.7128670,209.0
43.80244500,-81.7054050,212.0
43.80083700,-81.6996250,218.0
43.83712200,-81.6997550,215.0
43.84006500,-81.7019550,211.0
43.84365700,-81.7091070,208.0
43.84666500,-81.7105970,209.0
43.91907800,-81.6982400,210.0
44.01988200,-81.7108400,198.0
44.03921800,-81.7182800,204.0
44.04285200,-81.7171020,206.0
44.05397800,-81.7453130,179.0
44.05302200,-81.7425020,184.0
44.05666800,-81.7442130,188.0
44.06360500,-81.7529430,181.0
44.07204800,-81.7539230,184.0
44.07304500,-81.7580050,177.0
44.07301300,-81.7580080,176.0
44.07206300,-81.7538150,184.0
44.07678500,-81.7499130,186.0
44.07444700,-81.7436320,192.0
44.09079800,-81.7325150,190.0
44.08994000,-81.7297280,200.0
44.09798700,-81.7234570,203.0
44.12643700,-81.6906030,214.0
44.13209200,-81.6825830,216.0
44.13565300,-81.6733030,207.0
44.14693000,-81.6622180,196.0
44.14917700,-81.6672650,182.0
44.16076200,-81.6566170,181.0
44.16346000,-81.6503880,192.0
44.16979800,-81.6433280,196.0
44.17826300,-81.6368520,194.0
44.17925200,-81.6388750,183.0
44.18765800,-81.6377730,179.0
44.18479500,-81.6292320,200.0
44.21257500,-81.6143430,200.0
44.22830000,-81.6032080,203.0
44.24603500,-81.5991250,200.0
44.24806800,-81.5952930,204.0
44.24774000,-81.5880120,208.0
44.27654700,-81.5655750,226.0
44.28559000,-81.5878500,187.0
44.29770800,-81.5781400,187.0
44.29882000,-81.5807020,194.0
44.30054200,-81.5799620,194.0
44.29872000,-81.5857500,191.0
44.29963800,-81.5881450,190.0
44.29900800,-81.5840470,191.0
44.30222700,-81.5781930,192.0
44.30443200,-81.5830450,194.0
44.30978300,-81.5809520,188.0
44.31884500,-81.5703320,190.0
44.32071300,-81.5609100,193.0
44.33400500,-81.5506350,183.0
44.33061300,-81.5416700,193.0
44.34642800,-81.5295230,184.0
44.34178300,-81.5185320,208.0
44.34998800,-81.5087300,211.0
44.38908500,-81.4783780,193.0
44.38762500,-81.4742270,193.0
44.40295300,-81.4618520,199.0
44.40767800,-81.4450850,202.0
44.40985800,-81.4503170,192.0
44.41450800,-81.4456200,188.0
44.41607300,-81.4463630,190.0
44.41612700,-81.4506870,189.0
44.41343500,-81.4556150,188.0
44.41624300,-81.4507030,188.0
44.41770500,-81.4534980,185.0
44.41969500,-81.4531770,186.0
44.41613200,-81.4506020,189.0
44.41566300,-81.4457500,188.0
44.40998200,-81.4505100,191.0
44.40784000,-81.4448280,201.0
44.41376300,-81.4342380,193.0
44.41982800,-81.4493470,182.0
44.42132000,-81.4472320,185.0
44.42043500,-81.4427180,184.0
44.42165300,-81.4353720,187.0
44.42413000,-81.4311680,184.0
44.42326300,-81.4266250,189.0
44.42741700,-81.4222220,180.0
44.42835700,-81.4177530,179.0
44.42153500,-81.4005870,201.0
44.42377200,-81.3985600,202.0
44.42273800,-81.3964230,206.0
44.42401200,-81.3984180,200.0
44.46786200,-81.3643980,202.0
44.47070700,-81.3653330,200.0
44.47412300,-81.3704150,197.0
44.48300300,-81.3746900,194.0
44.47671300,-81.3792730,188.0
44.47873000,-81.3844100,183.0
44.48592000,-81.3835020,182.0
44.48670000,-81.3851130,181.0
44.48880300,-81.3835280,182.0
44.49001700,-81.3859780,176.0
44.48889500,-81.3811920,185.0
44.49698200,-81.3749230,183.0
44.49770700,-81.3765880,179.0
44.49566000,-81.3714400,188.0
44.50266500,-81.3642570,187.0
44.50696000,-81.3642950,184.0
44.51781700,-81.3555950,189.0
44.53554800,-81.3460320,186.0
44.54524200,-81.3337900,186.0
44.55052300,-81.3212400,187.0
44.55751800,-81.3175730,188.0
44.56559000,-81.3080000,188.0
44.57292000,-81.3024870,183.0
44.57640800,-81.2945180,183.0
44.58402200,-81.2868450,189.0
44.59317800,-81.2701300,202.0
44.61315800,-81.2698330,188.0
44.62564800,-81.2649800,189.0
44.63786200,-81.2638370,193.0
44.65901000,-81.2546430,192.0
44.67346300,-81.2554780,199.0
44.67245500,-81.2641050,182.0
44.66216000,-81.2708230,187.0
44.66013200,-81.2754900,179.0
44.66227700,-81.2707230,188.0
44.67253800,-81.2638750,181.0
44.67310200,-81.2573170,194.0
44.67564000,-81.2555980,191.0
44.67333300,-81.2572530,194.0
44.67341300,-81.2553620,199.0
44.69987800,-81.2555280,196.0
44.70799500,-81.2580250,196.0
44.75570700,-81.2610680,196.0
44.79517200,-81.2813200,191.0
44.80855500,-81.2844670,187.0
44.82071300,-81.2919480,182.0
44.82561200,-81.2969000,185.0
44.82315200,-81.3068550,178.0
44.82640800,-81.3086850,180.0
44.82881300,-81.3180900,177.0
44.83324700,-81.3226870,178.0
44.83712700,-81.3235850,177.0
44.83933200,-81.3219630,179.0
44.84416500,-81.3288980,179.0
44.85473000,-81.3292920,181.0
44.86344200,-81.3261370,179.0
44.86612300,-81.3271520,175.0
44.87018700,-81.3190080,187.0
44.87176500,-81.3197600,181.0
44.87108200,-81.3173800,188.0
44.88426500,-81.3257880,188.0
44.90297300,-81.2533480,191.0
45.02931500,-81.3172220,195.0
45.04257200,-81.3524620,192.0
45.04871200,-81.3637930,192.0
45.06941000,-81.4146480,203.0
45.10047300,-81.4426300,199.0
45.12530700,-81.4374300,207.0
45.13300800,-81.4423950,214.0
45.19435700,-81.5590530,190.0
45.20745000,-81.5490930,206.0
45.21305700,-81.5378130,207.0
45.21928700,-81.5334430,199.0
45.22124000,-81.5279330,193.0
45.22494300,-81.5245930,191.0
45.22723500,-81.5331080,196.0
45.22559800,-81.5299770,196.0
45.22617000,-81.5238780,195.0
45.23153300,-81.5200880,198.0
45.23491700,-81.5194750,188.0
45.23726500,-81.5216030,191.0
45.23629200,-81.5225550,186.0
45.23488800,-81.5194900,188.0
45.23047200,-81.5208930,201.0
45.23129700,-81.5231830,189.0
45.23203500,-81.5221720,192.0
45.22980300,-81.5242670,195.0
45.23022300,-81.5211550,201.0
45.22158500,-81.5276280,193.0
45.21934300,-81.5334270,198.0
45.21301200,-81.5379170,206.0
45.20737500,-81.5492280,205.0
45.19450300,-81.5594080,189.0
45.24215300,-81.6513280,192.0
45.25643800,-81.6681320,186.0
45.25781000,-81.6631030,177.0
45.65175800,-82.1359320,219.0
45.66235300,-82.1816330,209.0
45.66000000,-82.1861000,209.0
45.66013000,-82.1918200,211.0
45.65843300,-82.1950420,209.0
45.65869300,-82.2644180,181.0
45.66241200,-82.2631920,181.0
45.66928700,-82.2668280,183.0
45.66826000,-82.2694320,183.0
45.67637200,-82.2693430,192.0
45.67999700,-82.2718380,195.0
45.72923000,-82.2715950,206.0
45.73135700,-82.2729800,206.0
45.73288700,-82.4015230,202.0
45.80322800,-82.4021570,223.0
45.80512300,-82.4050650,217.0
45.80517700,-82.4252180,218.0
45.80673800,-82.4281520,217.0
45.86836200,-82.4292030,235.0
45.88091500,-82.4551020,208.0
45.90528000,-82.4553000,212.0
45.90583700,-82.4596050,210.0
45.91122200,-82.4596630,182.0
45.91642200,-82.4634380,178.0
45.92281000,-82.4610300,177.0
45.92281700,-82.4608950,176.0
45.92025800,-82.4631850,181.0
45.91470200,-82.4631670,178.0
45.91112700,-82.4596630,182.0
45.90580000,-82.4596120,210.0
45.90527000,-82.4552770,213.0
45.89634200,-82.4551120,213.0
45.89686000,-82.4113270,239.0
45.90133700,-82.4029200,225.0
45.90059500,-82.3943950,225.0
45.89664000,-82.3892550,227.0
45.89662500,-82.2723670,212.0
45.90252200,-82.2569930,211.0
45.89662300,-82.2536130,235.0
45.89616700,-82.2220070,220.0
45.89402200,-82.2200230,223.0
45.84276500,-82.2188450,219.0
45.84168700,-82.2086220,251.0
45.84402700,-82.1981420,247.0
45.83931800,-82.1809230,198.0
45.82860000,-82.1638630,184.0
45.82541300,-82.1514570,202.0
45.82738300,-82.1442830,240.0
45.83650700,-82.1364420,243.0
45.84510200,-82.1240450,251.0
45.86286800,-82.1054850,265.0
45.91436300,-82.1038120,205.0
45.94434300,-82.0645100,182.0
45.95126200,-82.0493150,179.0
45.95142800,-82.0014450,246.0
45.95307800,-81.9993200,233.0
45.95895200,-81.9991580,197.0
45.96046000,-81.9966570,195.0
45.96069500,-81.9479170,209.0
45.96702200,-81.9461570,200.0
45.97276000,-81.9313230,191.0
45.97930000,-81.9281580,186.0
45.97787700,-81.9197220,184.0
45.97915300,-81.9148920,182.0
45.98176700,-81.9125820,177.0
45.98298300,-81.9050730,180.0
45.99555300,-81.8915170,174.0
46.00431700,-81.8619770,183.0
46.00571000,-81.8387780,184.0
46.00836800,-81.8218820,191.0
46.01564200,-81.7943630,185.0
46.01563300,-81.7796530,176.0
46.01777700,-81.7709730,178.0
46.03023000,-81.7693570,180.0
46.04004500,-81.7755430,201.0
46.04939700,-81.7748120,212.0
46.05931800,-81.7706180,215.0
46.06753300,-81.7735180,196.0
46.07260700,-81.7558680,188.0
46.07379200,-81.7426930,202.0
46.07974200,-81.7214400,198.0
46.08882300,-81.7151470,203.0
46.10100500,-81.7133900,181.0
46.10735200,-81.7160800,190.0
46.10898500,-81.7220630,180.0
46.11685800,-81.7317870,188.0
46.12626300,-81.7328600,207.0
46.13033500,-81.7410770,268.0
46.13519300,-81.7393350,222.0
46.13890700,-81.7405500,225.0
46.14137300,-81.7490650,227.0
46.14391800,-81.7510870,223.0
46.14764800,-81.7491330,196.0
46.15257500,-81.7395330,224.0
46.16160700,-81.7321230,233.0
46.17073500,-81.7208430,241.0
46.17495500,-81.7186820,226.0
46.18212700,-81.7192200,226.0
46.19077500,-81.7112950,224.0
46.19494500,-81.7116480,231.0
46.19745500,-81.7142520,236.0
46.19779500,-81.7222670,224.0
46.20094800,-81.7277800,230.0
46.20768000,-81.7259980,248.0
46.21322500,-81.7330170,245.0
46.22611700,-81.7373870,219.0
46.23295700,-81.7366580,221.0
46.23825500,-81.7459400,228.0
46.24564200,-81.7533870,198.0
46.24995700,-81.7628680,204.0
46.25726500,-81.7644380,204.0
46.25717800,-81.7833950,200.0
46.25148000,-81.7900120,203.0
46.24996800,-81.7950150,202.0
46.24834000,-81.8374400,202.0
46.23888300,-81.8570270,204.0
46.23702200,-81.8778400,195.0
46.23260200,-81.8796700,201.0
46.22907200,-81.8920580,196.0
46.22426300,-81.8989100,197.0
46.22127000,-81.9003170,200.0
46.22032800,-81.9090280,194.0
46.21045500,-81.9099700,192.0
46.20643700,-81.9202580,188.0
46.20491800,-81.9326480,193.0
46.20638000,-81.9350030,194.0
46.20704700,-81.9558930,202.0
46.20607700,-82.0175950,195.0
46.20813700,-82.0327970,191.0
46.20637000,-82.0656050,187.0
46.19985300,-82.0838420,181.0
46.19338200,-82.0931020,190.0
46.19006200,-82.0945230,188.0
46.18203700,-82.0944250,184.0
46.17614500,-82.0894630,187.0
46.17339000,-82.0900130,182.0
46.17015800,-82.0955280,181.0
46.16962200,-82.1083580,181.0
46.15862000,-82.1118970,211.0
46.15174000,-82.1081280,196.0
46.14288700,-82.1087380,200.0
46.13961800,-82.1112800,224.0
46.12843800,-82.1137980,246.0
46.12733300,-82.1322620,226.0
46.12858800,-82.1413580,224.0
46.12723800,-82.1457920,198.0
46.11276500,-82.1458600,175.0
46.10300200,-82.1505550,188.0
46.10074300,-82.1487100,182.0
46.10083800,-82.1451920,180.0
46.10067500,-82.1485500,182.0
46.10290200,-82.1505150,188.0
46.11271300,-82.1458780,175.0
46.11848300,-82.1460920,181.0
46.12334700,-82.1682180,181.0
46.12324800,-82.1850920,182.0
46.13032800,-82.1883080,180.0
46.13726300,-82.1974780,184.0
46.13900300,-82.2060150,178.0
46.14262000,-82.2104220,187.0
46.14539300,-82.2175930,185.0
46.14779700,-82.2368150,183.0
46.22055800,-82.0755800,204.0
46.21816500,-82.0751400,201.0
46.21806200,-82.0774420,196.0
46.21254000,-82.0773120,192.0
46.21339800,-82.0655620,191.0
46.22118200,-82.0181950,181.0
46.22628800,-82.0033830,192.0
46.22871500,-81.9853980,191.0
46.24122200,-81.9403350,201.0
46.24967000,-81.9252730,199.0
46.25645800,-81.9051970,198.0
46.25920500,-81.9018600,201.0
46.26585800,-81.9002670,199.0
46.26802500,-81.8973820,201.0
46.27300800,-81.8723520,214.0
46.27444300,-81.8486780,214.0
46.28027500,-81.8345370,215.0
46.28331800,-81.8130020,206.0
46.28870800,-81.7980850,223.0
46.28582000,-81.7769770,206.0
46.27268000,-81.7803020,215.0
46.26103300,-81.7656820,203.0
46.25729000,-81.7644050,204.0
46.25683800,-81.7685850,202.0
46.25713000,-81.7643020,203.0
46.24986000,-81.7629820,203.0
46.24527300,-81.7530120,197.0
46.23815800,-81.7457180,228.0
46.23733800,-81.7448530,231.0
46.24539800,-81.7530930,197.0
46.24764200,-81.7581700,198.0
46.24539200,-81.7530880,197.0
46.24100000,-81.7489420,228.0
46.24086800,-81.7577400,251.0
46.23948500,-81.7610700,238.0
46.23911700,-81.7586120,229.0
46.23917700,-81.7587500,230.0
46.23961500,-81.7609100,238.0
46.24102700,-81.7568070,249.0
46.24105500,-81.7487950,229.0
46.24573500,-81.7535570,198.0
46.24686800,-81.7585350,201.0
46.24799300,-81.7577200,199.0
46.25006800,-81.7630330,205.0
46.26108500,-81.7655970,203.0
46.27266800,-81.7802280,215.0
46.28595200,-81.7766600,206.0
46.28873800,-81.7980780,223.0
46.28322200,-81.8136120,206.0
46.28030200,-81.8345680,214.0
46.27438200,-81.8488400,214.0
46.27271200,-81.8747420,220.0
46.26800800,-81.8972780,201.0
46.26592500,-81.9003350,199.0
46.25693800,-81.9043180,201.0
46.24951000,-81.9256700,199.0
46.24165200,-81.9392180,195.0
46.22862300,-81.9859300,191.0
46.22621000,-82.0038050,192.0
46.22111800,-82.0184770,182.0
46.20773200,-82.1099830,184.0
46.20305300,-82.1644520,183.0
46.20570800,-82.1821100,187.0
46.20535800,-82.2186130,209.0
46.20813700,-82.2306480,224.0
46.20532000,-82.2448700,216.0
46.20451800,-82.3018630,197.0
46.19852200,-82.3242470,192.0
46.19277300,-82.3335670,179.0
46.19447500,-82.3419970,184.0
46.19089500,-82.3490870,192.0
46.19074000,-82.3542650,194.0
46.18435000,-82.3579970,178.0
46.19069800,-82.3542900,194.0
46.19090800,-82.3490100,192.0
46.19455500,-82.3419750,184.0
46.20376200,-82.3675150,183.0
46.20539200,-82.4099900,197.0
46.20363500,-82.4544720,190.0
46.20493300,-82.4715570,209.0
46.20901800,-82.4843820,215.0
46.21100700,-82.5018250,198.0
46.21138800,-82.5139120,191.0
46.21028500,-82.5143380,187.0
46.21143200,-82.5140250,191.0
46.21359500,-82.5222380,193.0
46.21376000,-82.5410120,199.0
46.21139200,-82.5660130,203.0
46.21373200,-82.5856000,198.0
46.21130200,-82.5985680,191.0
46.21070000,-82.6346450,194.0
46.20643000,-82.6676550,192.0
46.20657000,-82.6800030,195.0
46.20389700,-82.6877270,205.0
46.19512300,-82.7322220,195.0
46.19299800,-82.7572820,189.0
46.19455200,-82.7950420,194.0
46.18496000,-82.8191630,197.0
46.18446200,-82.8438220,205.0
46.18775800,-82.8624070,191.0
46.18373800,-82.8798830,200.0
46.18600800,-82.9003750,191.0
46.18553500,-82.9324530,192.0
46.18538300,-82.9304370,187.0
46.18279800,-82.9332920,186.0
46.18173500,-82.9439270,183.0
46.19295000,-82.9711980,177.0
46.19111800,-82.9830920,177.0
46.19382200,-82.9971670,177.0
46.19341000,-83.0051400,184.0
46.19591500,-83.0226880,180.0
46.19932700,-83.0254300,179.0
46.20519800,-83.0235450,177.0
46.20778800,-83.0272420,180.0
46.20653000,-83.0535250,181.0
46.20709000,-83.0801650,180.0
46.21723700,-83.1040370,179.0
46.22603700,-83.1099830,179.0
46.23054500,-83.1161350,178.0
46.23909500,-83.1456280,177.0
46.25194500,-83.1636900,180.0
46.25455800,-83.1756300,180.0
46.25498200,-83.1868670,181.0
46.25757500,-83.1961120,184.0
46.27359000,-83.2075420,189.0
46.27708000,-83.2124280,191.0
46.27866200,-83.2193850,186.0
46.27899000,-83.2511900,189.0
46.29091300,-83.2693400,215.0
46.29255700,-83.2741670,230.0
46.29115000,-83.2939030,238.0
46.29356800,-83.3473270,203.0
46.29710300,-83.3624420,203.0
46.29694500,-83.3817280,216.0
46.29364200,-83.3942720,219.0
46.28301800,-83.4112100,205.0
46.28089300,-83.4250420,238.0
46.26762500,-83.4496600,209.0
46.26753300,-83.5042170,193.0
46.27289200,-83.5260750,202.0
46.26559300,-83.5454600,189.0
46.26529700,-83.5676080,188.0
46.26731800,-83.5740200,182.0
46.27541700,-83.5820730,189.0
46.28779200,-83.6051370,186.0
46.28698000,-83.6981950,202.0
46.29120800,-83.7144800,203.0
46.29167800,-83.7372630,177.0
46.30119200,-83.7590100,181.0
46.30167800,-83.7818650,187.0
46.30025300,-83.7948630,177.0
46.30293500,-83.8039120,195.0
46.30768500,-83.8099180,204.0
46.30788300,-83.8289780,195.0
46.31210800,-83.8356680,201.0
46.31770300,-83.8648270,192.0
46.32107800,-83.8682930,191.0
46.33571700,-83.8747730,198.0
46.34193000,-83.8870550,177.0
46.34249000,-83.9112320,178.0
46.34448800,-83.9225030,176.0
46.34172300,-83.9359350,180.0
46.33731300,-83.9442100,178.0
46.33867200,-84.0586470,200.0
46.34191500,-84.0650130,202.0
46.34677500,-84.0674080,210.0
46.43865200,-84.0676400,176.0
46.44157700,-84.0677630,180.0
46.44233300,-84.0696770,179.0
46.44975800,-84.0676780,182.0
46.48160700,-84.0680200,177.0
46.52621500,-84.1085870,177.0
46.52975700,-84.1179150,182.0
46.53774800,-84.1512500,184.0
46.54529300,-84.1612030,185.0
46.55046500,-84.1738030,181.0
46.55269000,-84.1924830,185.0
46.54865800,-84.2128080,185.0
46.50956000,-84.3022320,187.0
46.50939300,-84.3250620,189.0
46.52001500,-84.3393180,182.0
46.52021800,-84.3414750,181.0
46.51781700,-84.3422020,179.0
46.51792300,-84.3459830,175.0
46.51762700,-84.3469570,177.0
46.51626000,-84.3416730,178.0
46.50684000,-84.3291730,180.0
46.50541500,-84.3250000,178.0
46.50594000,-84.3216220,182.0
46.50934700,-84.3194600,191.0
46.52484500,-84.3192250,220.0
46.52647700,-84.3172770,221.0
46.52605800,-84.3153330,226.0
46.52793800,-84.3154070,229.0
46.52803800,-84.3193350,226.0
46.55318000,-84.3188730,236.0
46.61913200,-84.3750880,378.0
46.55445700,-84.3196580,235.0
46.58056500,-84.3230670,275.0
46.58613200,-84.3133370,286.0
46.59039800,-84.3091680,302.0
46.59611200,-84.2963380,308.0
46.59989300,-84.2940470,308.0
46.60747000,-84.2955380,308.0
46.62318200,-84.3096380,320.0
46.63563800,-84.3047020,324.0
46.64070700,-84.3056800,325.0
46.66119200,-84.3258270,337.0
46.66929700,-84.3298450,342.0
46.67508500,-84.3400320,304.0
46.67874300,-84.3429780,270.0
46.71788200,-84.3452150,200.0
46.73735800,-84.3509770,198.0
46.75267500,-84.3618800,225.0
46.76278700,-84.3590930,231.0
46.77236700,-84.3619650,265.0
46.77582500,-84.3654100,259.0
46.78640000,-84.3860120,261.0
46.80184300,-84.3985080,213.0
46.82481700,-84.3996570,200.0
46.83128200,-84.3923230,182.0
46.84659300,-84.3678830,186.0
46.85004700,-84.3671120,193.0
46.85505300,-84.3729820,199.0
46.85825800,-84.3730330,201.0
46.86723200,-84.3556120,192.0
46.86979500,-84.3532570,185.0
46.87516200,-84.3540480,183.0
46.87930200,-84.3582350,188.0
46.89173700,-84.3626300,186.0
46.89906300,-84.3781070,195.0
46.90741500,-84.3858330,206.0
46.91580800,-84.4051300,195.0
46.92648200,-84.4220080,198.0
46.93116500,-84.4348050,200.0
46.94032800,-84.4789600,199.0
46.93172500,-84.5197100,189.0
46.93345000,-84.5310600,187.0
46.94150300,-84.5419630,188.0
46.94563000,-84.5575020,185.0
46.94460000,-84.6079970,212.0
46.95755000,-84.6389620,207.0
46.96041000,-84.6539050,198.0
46.97024300,-84.6872250,189.0
46.96657500,-84.7470520,189.0
46.97800700,-84.7735850,193.0
46.98644500,-84.7839950,191.0
46.99222800,-84.7873850,190.0
47.00260700,-84.7859280,198.0
47.01798500,-84.7672030,196.0
47.02150500,-84.7686470,200.0
47.02927000,-84.7788300,180.0
47.03589000,-84.7821150,186.0
47.04004500,-84.7814850,189.0
47.04546500,-84.7776620,198.0
47.05532000,-84.7631320,193.0
47.06062500,-84.7582400,199.0
47.06966000,-84.7397080,193.0
47.08201800,-84.7298930,202.0
47.08863300,-84.7208650,198.0
47.10011000,-84.7111700,193.0
47.10884000,-84.7097520,202.0
47.11363500,-84.7066100,231.0
47.12221700,-84.6930320,254.0
47.12611300,-84.6937030,264.0
47.13758200,-84.7091170,260.0
47.15003000,-84.7092950,206.0
47.16449200,-84.6910550,201.0
47.18946200,-84.6708770,330.0
47.20041800,-84.6510470,248.0
47.23422200,-84.6505080,193.0
47.23938800,-84.6438530,200.0
47.24324200,-84.6417420,192.0
47.24425500,-84.6387720,190.0
47.23732200,-84.6249800,279.0
47.23990000,-84.6147400,330.0
47.23529200,-84.5982230,369.0
47.23559800,-84.5939630,380.0
47.24126700,-84.5893720,361.0
47.24567800,-84.5824820,322.0
47.25620200,-84.5764900,347.0
47.26209800,-84.5647130,356.0
47.27253200,-84.5610300,356.0
47.28558000,-84.5620730,347.0
47.29161000,-84.5681800,289.0
47.30143000,-84.5722280,258.0
47.31299000,-84.5875230,214.0
47.31986000,-84.6068950,194.0
47.33796000,-84.6173230,191.0
47.35935200,-84.6382280,185.0
47.36389700,-84.6570970,222.0
47.36207300,-84.6689480,262.0
47.36372700,-84.6801470,290.0
47.36993500,-84.6862270,260.0
47.36821800,-84.6901470,253.0
47.37104800,-84.6934230,253.0
47.37055700,-84.6998770,218.0
47.37065300,-84.6927520,251.0
47.36820500,-84.6899620,254.0
47.36999200,-84.6861450,260.0
47.37984700,-84.6964380,229.0
47.39203500,-84.6942750,222.0
47.40254300,-84.7013300,194.0
47.41469200,-84.7044680,232.0
47.42255500,-84.7109950,245.0
47.43841000,-84.7432670,190.0
47.46121300,-84.7677320,214.0
47.47871000,-84.8026100,212.0
47.49419300,-84.8132420,265.0
47.49913200,-84.8128780,261.0
47.52354500,-84.8016750,271.0
47.52673000,-84.8034750,276.0
47.53530800,-84.8157100,276.0
47.54592300,-84.8094780,288.0
47.55963700,-84.8086680,305.0
47.56949200,-84.8155320,302.0
47.59266500,-84.8205020,304.0
47.60098300,-84.8255680,310.0
47.60958200,-84.8215520,331.0
47.63021500,-84.8244280,365.0
47.65314800,-84.8104370,374.0
47.65890300,-84.8115270,376.0
47.66843200,-84.8181500,375.0
47.68004000,-84.8129730,382.0
47.69260700,-84.8166480,388.0
47.70579700,-84.8116600,397.0
47.72940700,-84.8125120,402.0
47.73869000,-84.8230470,344.0
47.75059700,-84.8226020,353.0
47.76050300,-84.8338120,339.0
47.76400500,-84.8403450,314.0
47.76585700,-84.8555650,287.0
47.77409000,-84.8644930,292.0
47.78678700,-84.8854370,194.0
47.79354000,-84.9001720,190.0
47.79554700,-84.9014750,214.0
47.81094300,-84.8919700,259.0
47.82678800,-84.8874250,338.0
47.85026500,-84.8854520,276.0
47.85573700,-84.8829400,251.0
47.86300000,-84.8740200,263.0
47.87242300,-84.8745180,271.0
47.88399300,-84.8682470,295.0
47.89752500,-84.8424480,273.0
47.89811800,-84.8271900,261.0
47.89985000,-84.8215920,234.0
47.90331500,-84.8180750,233.0
47.90956000,-84.8167320,214.0
47.91926700,-84.8055500,192.0
47.92553700,-84.8049300,196.0
47.93336700,-84.8112300,213.0
47.94358500,-84.8099600,236.0
47.95835200,-84.7970500,282.0
47.95627300,-84.8004300,284.0
47.96177000,-84.8044180,284.0
47.96244700,-84.8158270,269.0
47.96019800,-84.8206200,270.0
47.96071000,-84.8271050,259.0
47.95899800,-84.8280900,243.0
47.95895300,-84.8280880,244.0
47.96069200,-84.8269870,259.0
47.96020000,-84.8205330,270.0
47.96242700,-84.8161030,268.0
47.96190700,-84.8049170,285.0
47.95632300,-84.8002480,284.0
47.96963300,-84.7853220,282.0
47.99488000,-84.7711920,293.0
47.99337500,-84.7674880,287.0
47.98620500,-84.7798420,287.0
47.97076700,-84.7841550,283.0
47.97621000,-84.7862250,261.0
47.99251800,-84.8171470,301.0
47.99642300,-84.8206850,299.0
48.00921500,-84.8255480,302.0
48.02229800,-84.8234530,300.0
48.03744000,-84.8360720,319.0
48.04466000,-84.8327320,317.0
48.05200800,-84.8180270,316.0
48.05944000,-84.8152030,317.0
48.06808300,-84.8077070,321.0
48.08700700,-84.8049170,319.0
48.10111800,-84.8119200,316.0
48.11885500,-84.8084150,319.0
48.13033700,-84.8132720,326.0
48.15131500,-84.8071030,361.0
48.15487700,-84.8095820,363.0
48.16510200,-84.8235630,390.0
48.17639000,-84.8300430,384.0
48.18668700,-84.8428570,388.0
48.21020800,-84.8470380,407.0
48.24737200,-84.8830850,446.0
48.26437700,-84.8815330,455.0
48.28779500,-84.8896320,459.0
48.29051200,-84.8947620,456.0
48.29512500,-84.9211480,438.0
48.29611700,-84.9403120,424.0
48.30004500,-84.9575800,427.0
48.29656200,-84.9786450,428.0
48.29793500,-84.9845380,427.0
48.30303000,-84.9907780,423.0
48.30738200,-85.0028120,421.0
48.32127700,-85.0096670,427.0
48.34500000,-85.0514950,421.0
48.35639300,-85.0672270,436.0
48.36671700,-85.0733870,428.0
48.37480700,-85.0866200,459.0
48.37991300,-85.0873430,443.0
48.39081200,-85.0793770,422.0
48.39425500,-85.0791320,426.0
48.41580300,-85.0953280,425.0
48.42882800,-85.0966750,435.0
48.43924700,-85.1092970,454.0
48.44954300,-85.1088620,453.0
48.47268800,-85.1204070,398.0
48.47576200,-85.1240680,397.0
48.47935200,-85.1332270,415.0
48.48259000,-85.1364250,435.0
48.49723000,-85.1442200,438.0
48.50845000,-85.1463480,447.0
48.51628000,-85.1522720,445.0
48.52340000,-85.1533230,464.0
48.53077000,-85.1590370,442.0
48.53505300,-85.1659880,419.0
48.54341700,-85.1906800,409.0
48.55907800,-85.2207980,403.0
48.56538700,-85.2532870,415.0
48.57452300,-85.2639430,399.0
48.58825000,-85.2646480,397.0
48.59092700,-85.2673420,389.0
48.59266500,-85.2733850,375.0
48.59178200,-85.2761380,371.0
48.59283500,-85.2737500,373.0
48.59731500,-85.2885870,370.0
48.59550000,-85.3121220,373.0
48.59659300,-85.3171880,385.0
48.61581700,-85.3292480,390.0
48.63121000,-85.3496500,362.0
48.63051000,-85.3909420,387.0
48.63445700,-85.4093920,388.0
48.63914500,-85.4212250,380.0
48.64195300,-85.4367320,381.0
48.64453200,-85.4405900,379.0
48.65170800,-85.4435650,395.0
48.65574300,-85.4535520,371.0
48.66204200,-85.4584330,357.0
48.68886800,-85.4987380,350.0
48.69290200,-85.5092080,349.0
48.70260300,-85.5478250,345.0
48.71038300,-85.5601400,339.0
48.71469300,-85.5785450,339.0
48.71466000,-85.5850150,372.0
48.70998000,-85.5999200,359.0
48.71364700,-85.6116200,361.0
48.71421500,-85.6185370,353.0
48.72305300,-85.6273380,324.0
48.72437200,-85.6311980,324.0
48.72431500,-85.6535800,343.0
48.71737000,-85.6692820,352.0
48.71634300,-85.6770870,356.0
48.71683300,-85.6832850,345.0
48.72020200,-85.6929620,330.0
48.71900000,-85.7097680,325.0
48.71226700,-85.7282180,349.0
48.71707700,-85.7898450,317.0
48.70909000,-85.8407630,331.0
48.70525300,-85.8504950,325.0
48.70217700,-85.8654650,320.0
48.69119300,-85.8960730,327.0
48.69211500,-85.9290350,322.0
48.68957800,-85.9835680,317.0
48.69203500,-86.0018870,305.0
48.69052000,-86.0181250,270.0
48.69365300,-86.0323370,266.0
48.68936000,-86.0491320,267.0
48.68456000,-86.0937720,266.0
48.68625500,-86.1083750,268.0
48.68168700,-86.1391620,262.0
48.68203300,-86.1824580,250.0
48.69027800,-86.2232050,247.0
48.69606300,-86.2333250,254.0
48.70586000,-86.2574880,250.0
48.70821200,-86.2936470,228.0
48.70759800,-86.3031850,261.0
48.71190200,-86.3207420,313.0
48.71474700,-86.3240530,316.0
48.74411000,-86.3349830,320.0
48.74808700,-86.3388170,316.0
48.74500700,-86.3463930,321.0
48.73573000,-86.3590900,294.0
48.73136300,-86.3747270,229.0
48.72577000,-86.3775670,222.0
48.72034300,-86.3753970,225.0
48.71689500,-86.3821320,219.0
48.70993700,-86.3809380,212.0
48.70683700,-86.3863970,193.0
48.72108500,-86.3737870,223.0
48.72256300,-86.3709880,226.0
48.72233200,-86.3666180,226.0
48.71715800,-86.3649030,234.0
48.71688000,-86.3631180,236.0
48.71724200,-86.3648830,234.0
48.72222300,-86.3663270,227.0
48.72249000,-86.3706850,226.0
48.72611300,-86.3751180,224.0
48.72614700,-86.3774480,223.0
48.73070700,-86.3752750,227.0
48.73277800,-86.3720380,240.0
48.73579800,-86.3587820,296.0
48.74503500,-86.3462280,321.0
48.74817500,-86.3387870,316.0
48.75893800,-86.3520200,310.0
48.76387300,-86.3670680,295.0
48.76980200,-86.3769780,281.0
48.77301300,-86.3865720,273.0
48.77285800,-86.3953820,247.0
48.78139700,-86.4237500,287.0
48.78631500,-86.4297830,302.0
48.79520500,-86.4352550,282.0
48.79743200,-86.4399670,306.0
48.79581800,-86.4537230,279.0
48.78954700,-86.4802800,269.0
48.79508300,-86.4936970,285.0
48.79505000,-86.4986630,284.0
48.77328500,-86.5108980,243.0
48.76698200,-86.5191650,246.0
48.76294200,-86.5329730,226.0
48.77080200,-86.5524050,227.0
48.77610000,-86.5733280,270.0
48.77943000,-86.5779600,277.0
48.78164800,-86.5917180,249.0
48.78797800,-86.6026500,235.0
48.78961300,-86.6128880,242.0
48.80207200,-86.6251200,224.0
48.80210700,-86.6288900,214.0
48.79617700,-86.6487280,282.0
48.79772800,-86.6514500,280.0
48.80345300,-86.6537400,303.0
48.81574800,-86.6754400,270.0
48.81788000,-86.6868620,236.0
48.81743200,-86.7052120,219.0
48.79974200,-86.7480280,209.0
48.79891000,-86.7572370,214.0
48.80466700,-86.7661600,205.0
48.80403200,-86.7746120,197.0
48.79358700,-86.8065250,219.0
48.79315700,-86.8233970,233.0
48.78495000,-86.8335950,230.0
48.78380800,-86.8486400,227.0
48.77756800,-86.8669180,228.0
48.77679700,-86.8872500,201.0
48.77483000,-86.8945320,208.0
48.77582000,-86.9027270,236.0
48.78444000,-86.9182120,309.0
48.81264000,-86.9415850,263.0
48.83343500,-86.9433670,190.0
48.84092200,-86.9416450,187.0
48.84763700,-86.9445920,200.0
48.85342700,-86.9526020,234.0
48.85722800,-86.9683050,267.0
48.85280500,-86.9845980,270.0
48.84942800,-87.0059680,241.0
48.85150800,-87.0274450,215.0
48.84888200,-87.0345030,209.0
48.84136000,-87.0415000,222.0
48.84052500,-87.0531280,215.0
48.83252300,-87.0721120,221.0
48.81888000,-87.0824930,271.0
48.80461700,-87.0820980,285.0
48.79890200,-87.0843200,285.0
48.78326700,-87.0973170,271.0
48.78101000,-87.1039420,258.0
48.77839800,-87.1022830,241.0
48.77903500,-87.1074520,221.0
48.77276200,-87.1115620,196.0
48.77133700,-87.1165420,182.0
48.77156500,-87.1161050,188.0
48.77286700,-87.1114670,197.0
48.77896000,-87.1072880,222.0
48.77845500,-87.1020800,242.0
48.78105300,-87.1039280,258.0
48.78146700,-87.1012530,265.0
48.78298500,-87.1021650,272.0
48.78347300,-87.0981250,272.0
48.78166000,-87.1028400,264.0
48.78635000,-87.1170820,258.0
48.78591800,-87.1292880,278.0
48.78953500,-87.1565880,254.0
48.79309800,-87.2184400,306.0
48.79517500,-87.2237030,305.0
48.80038700,-87.2284720,296.0
48.80188000,-87.2333920,330.0
48.79842200,-87.2545820,322.0
48.80010800,-87.2572820,311.0
48.81030500,-87.2609250,317.0
48.81611800,-87.2733230,324.0
48.81825000,-87.2820830,357.0
48.81626200,-87.2898150,339.0
48.82804700,-87.3465400,391.0
48.82389800,-87.3603280,354.0
48.82367300,-87.3703180,315.0
48.82706300,-87.3784620,310.0
48.82851300,-87.3901080,307.0
48.83869200,-87.3965520,276.0
48.84068200,-87.4005730,268.0
48.83827500,-87.4110930,228.0
48.84057200,-87.4200130,232.0
48.83923800,-87.4339330,194.0
48.84082000,-87.4756370,187.0
48.83683200,-87.5093180,195.0
48.83942700,-87.5171770,224.0
48.84255800,-87.5210050,246.0
48.84853800,-87.5232430,287.0
48.85864200,-87.5199470,320.0
48.87185700,-87.5369430,226.0
48.87739500,-87.5376570,188.0
48.87994200,-87.5402000,190.0
48.88258200,-87.5528780,191.0
48.87984700,-87.5943800,234.0
48.88682200,-87.6061070,312.0
48.89305500,-87.6277280,396.0
48.89900800,-87.6343100,408.0
48.90259300,-87.6496370,417.0
48.90864200,-87.6576880,390.0
48.90795200,-87.6641450,364.0
48.90101000,-87.6752620,280.0
48.90409200,-87.6896330,236.0
48.90319200,-87.7036970,212.0
48.91101000,-87.7343530,206.0
48.91810300,-87.7515800,212.0
48.92065200,-87.7703950,190.0
48.92822300,-87.7876420,190.0
48.92741500,-87.7976450,192.0
48.92040500,-87.8216850,203.0
48.92041000,-87.8333400,209.0
48.92204200,-87.8384870,198.0
48.93025000,-87.8482430,196.0
48.93219500,-87.8606330,192.0
48.94238500,-87.8866230,192.0
48.94227700,-87.8915170,210.0
48.93574000,-87.9146830,208.0
48.93782300,-87.9306970,214.0
48.94072300,-87.9376500,217.0
48.94687800,-87.9443820,229.0
48.95714700,-87.9626720,222.0
48.96029000,-87.9730950,223.0
48.96706200,-87.9800230,280.0
48.96944700,-87.9898180,263.0
48.97498700,-87.9954820,207.0
48.98034500,-88.0088180,212.0
48.98822000,-88.0209930,211.0
48.99879200,-88.0231150,226.0
49.00885200,-88.0153580,209.0
49.01669300,-88.0288080,187.0
49.02097000,-88.0330830,200.0
49.02358800,-88.0671850,202.0
49.02261700,-88.0721580,196.0
49.02029000,-88.0748820,198.0
49.00477800,-88.0793600,204.0
49.00150000,-88.0896650,210.0
49.00738200,-88.1124750,205.0
49.00223300,-88.1296650,222.0
49.00527200,-88.1365500,203.0
49.00559000,-88.1479130,206.0
49.01491200,-88.1809580,225.0
49.01306200,-88.1993100,227.0
49.01775700,-88.2205970,257.0
49.02041700,-88.2414920,208.0
49.01851300,-88.2731800,252.0
49.02224300,-88.2958370,266.0
49.02167300,-88.3016100,269.0
49.00804700,-88.3236450,282.0
48.99736700,-88.3283970,272.0
48.98911000,-88.3347030,279.0
48.96663200,-88.3366180,220.0
48.96043200,-88.3389900,221.0
48.93334500,-88.3679250,236.0
48.92301800,-88.3679050,231.0
48.89979500,-88.3931400,217.0
48.88131300,-88.4495300,225.0
48.88038700,-88.4656570,244.0
48.86269700,-88.5036220,225.0
48.85504300,-88.5157550,213.0
48.82547700,-88.5298780,207.0
48.81575700,-88.5364850,211.0
48.78626200,-88.5486080,203.0
48.75128500,-88.5806280,226.0
48.75128500,-88.5858780,235.0
48.75352300,-88.5916670,248.0
48.75180800,-88.5799670,226.0
48.75415000,-88.5767680,226.0
48.78472700,-88.5498970,203.0
48.79455700,-88.5571870,218.0
48.79478000,-88.5617150,221.0
48.80892000,-88.5611200,203.0
48.80907500,-88.5835520,231.0
48.80634200,-88.5996670,239.0
48.79465800,-88.6136620,243.0
48.78784500,-88.6157070,235.0
48.76683800,-88.6157180,244.0
48.76548500,-88.6428380,272.0
48.76644700,-88.6702650,268.0
48.78897000,-88.6724050,418.0
48.80557200,-88.6002870,238.0
48.80938300,-88.5955850,238.0
48.80916200,-88.5830980,231.0
48.82359200,-88.5831020,235.0
48.82344500,-88.5687720,242.0
48.82097000,-88.5616730,241.0
48.81616300,-88.5612920,227.0
48.81572200,-88.5365900,211.0
48.81010500,-88.5396600,206.0
48.79613000,-88.5400930,201.0
48.75117200,-88.5805920,226.0
48.74317800,-88.5810550,233.0
48.73432300,-88.5864600,226.0
48.72364300,-88.5985030,235.0
48.71990700,-88.6156950,240.0
48.71661000,-88.6210500,237.0
48.70563300,-88.6278120,242.0
48.68448500,-88.6347130,232.0
48.67043200,-88.6472580,241.0
48.65241000,-88.6820630,253.0
48.64985800,-88.6909280,276.0
48.65036800,-88.7034270,292.0
48.64703200,-88.7151100,292.0
48.64559800,-88.7283420,313.0
48.64146200,-88.7379950,314.0
48.62894200,-88.7521380,328.0
48.62093000,-88.7641100,320.0
48.58295800,-88.8016570,237.0
48.56972500,-88.8348050,252.0
48.56662700,-88.8565880,268.0
48.55402700,-88.8991270,254.0
48.54545000,-88.9189900,243.0
48.52651000,-88.9780780,239.0
48.51735700,-89.0209680,242.0
48.50537700,-89.0502150,240.0
48.50180500,-89.0922470,309.0
48.50566000,-89.1130770,320.0
48.50552800,-89.1188900,308.0
48.48484300,-89.1649220,248.0
48.48353300,-89.1850900,258.0
48.48174700,-89.1914550,250.0
48.46354700,-89.2215480,251.0
48.44430300,-89.2626250,237.0
48.42840800,-89.2814320,230.0
48.40542200,-89.2876930,193.0
48.40654800,-89.2584400,187.0
48.41071700,-89.2567700,186.0
48.40874700,-89.2562480,188.0
48.40876300,-89.2520550,186.0
48.41182200,-89.2513650,185.0
48.41112500,-89.2419080,185.0
48.41261700,-89.2411820,185.0
48.41373700,-89.2434530,187.0
48.42837700,-89.2328470,190.0
48.43870200,-89.2222300,215.0
48.43821000,-89.2194930,201.0
48.43573300,-89.2220380,203.0
48.43684000,-89.2242820,209.0
48.42773700,-89.2334100,189.0
48.41130200,-89.2454830,185.0
48.40690800,-89.2457800,185.0
48.40640800,-89.2582800,187.0
48.38964800,-89.2583030,188.0
48.38681700,-89.2605850,186.0
48.38817700,-89.2608370,187.0
48.38808800,-89.2636520,185.0
48.38503300,-89.2621300,187.0
48.38093500,-89.2660250,187.0
48.38181000,-89.3542470,205.0
48.38019800,-89.3905150,220.0
48.38072200,-89.4396050,223.0
48.38209500,-89.4425070,225.0
48.38071800,-89.4498150,228.0
48.38000200,-89.5007920,244.0
48.38067800,-89.5897800,262.0
48.38290000,-89.5944830,272.0
48.39590200,-89.6005500,279.0
48.40042500,-89.6049000,272.0
48.40390200,-89.6246720,262.0
48.40281200,-89.6239880,249.0
48.40360700,-89.6251030,258.0
48.40320800,-89.6224900,267.0
48.40446300,-89.6246750,260.0
48.40712700,-89.6341720,259.0
48.41400300,-89.6369620,282.0
48.42379500,-89.6326830,294.0
48.43234300,-89.6357070,319.0
48.47646700,-89.6357350,414.0
48.48586500,-89.6384050,394.0
48.49624300,-89.6346570,425.0
48.50996200,-89.6510880,400.0
48.51955700,-89.6551200,393.0
48.52767800,-89.6481680,400.0
48.53414300,-89.6492280,347.0
48.53460500,-89.6420230,340.0
48.53198300,-89.6302130,340.0
48.53205500,-89.6154680,352.0
48.53725500,-89.6001870,315.0
48.53354800,-89.5877150,309.0
48.53488800,-89.5863130,313.0
48.54049300,-89.5913620,317.0
48.55206800,-89.5870480,306.0
48.55597000,-89.5902620,307.0
48.55940200,-89.5875570,307.0
48.57400300,-89.5976370,309.0
48.58142500,-89.5974080,321.0
48.58999300,-89.6031980,337.0
48.59752200,-89.6112350,313.0
48.60109500,-89.6102080,318.0
48.60772200,-89.6006750,309.0
48.61390800,-89.5964870,314.0
48.62012200,-89.5965720,319.0
48.62333000,-89.5909070,322.0
48.63593700,-89.5894230,321.0
48.64098000,-89.5917870,323.0
48.64376700,-89.5880250,319.0
48.64850200,-89.5886700,323.0
48.64976800,-89.5812870,348.0
48.65272800,-89.5758980,380.0
48.66188800,-89.5738820,414.0
48.66465200,-89.5678750,426.0
48.66711300,-89.5665680,437.0
48.67014300,-89.5688480,455.0
48.67401500,-89.5823270,453.0
48.68895500,-89.6030000,439.0
48.69113700,-89.6036530,425.0
48.68779200,-89.6049530,459.0
48.68529800,-89.6053980,471.0
48.67742300,-89.5916830,469.0
48.67030000,-89.5691850,456.0
48.66755000,-89.5666670,441.0
48.66474500,-89.5679420,428.0
48.66181500,-89.5741150,413.0
48.65317200,-89.5755730,381.0
48.64985000,-89.5814050,348.0
48.65050500,-89.5867400,336.0
48.65942300,-89.5911400,323.0
48.65264700,-89.5879630,320.0
48.60565700,-89.6039330,319.0
48.60115300,-89.6102620,318.0
48.59753500,-89.6113830,313.0
48.59000500,-89.6032570,337.0
48.58478200,-89.6014630,319.0
48.58145500,-89.5975050,321.0
48.57408700,-89.5977720,309.0
48.55952300,-89.5877080,306.0
48.55586000,-89.5904030,306.0
48.55165500,-89.5872130,306.0
48.54040000,-89.5915120,317.0
48.53540000,-89.5863130,316.0
48.53359000,-89.5878730,309.0
48.53693420,-89.5991111,312.0
48.53367600,-89.6088986,365.0
48.53170620,-89.6284736,336.0
48.54254330,-89.6679669,344.0
48.54837880,-89.7057436,330.0
48.55671470,-89.7445502,391.0
48.58179030,-89.8204469,427.0
48.60050620,-89.8963435,384.0
48.60763910,-89.9539527,422.0
48.61976610,-90.0088152,454.0
48.62712610,-90.0657377,463.0
48.63593580,-90.1077429,477.0
48.62012640,-90.1518081,468.0
48.63526660,-90.1802694,452.0
48.64829900,-90.2344453,476.0
48.67085280,-90.2910244,453.0
48.66528880,-90.3469170,477.0
48.64576450,-90.4612769,468.0
48.65028940,-90.5177703,483.0
48.64756220,-90.5463603,482.0
48.64716000,-90.5735223,463.0
48.65411730,-90.6896536,490.0
48.66397090,-90.7456319,468.0
48.68518500,-90.8274620,503.0
48.67917500,-90.8597430,497.0
48.68008800,-90.8850330,494.0
48.67645700,-90.9574700,484.0
48.67817700,-90.9694830,469.0
48.67513300,-90.9913930,484.0
48.67784800,-91.0054680,491.0
48.67858500,-91.0255350,464.0
48.66191300,-91.0791430,463.0
48.66748000,-91.0920630,455.0
48.67448000,-91.1247580,421.0
48.66260000,-91.1368900,419.0
48.66172500,-91.1436900,417.0
48.65597300,-91.1479000,421.0
48.65760500,-91.1521120,418.0
48.65631700,-91.1555500,419.0
48.65754300,-91.1563500,422.0
48.65819200,-91.1543450,418.0
48.65682800,-91.1538520,418.0
48.65764200,-91.1521020,418.0
48.65616700,-91.1471830,423.0
48.66014500,-91.1441330,411.0
48.66231200,-91.1364600,421.0
48.67467700,-91.1258120,416.0
48.67455500,-91.1226000,420.0
48.68076500,-91.1403030,447.0
48.68470000,-91.1665930,457.0
48.68799000,-91.1756970,453.0
48.69103000,-91.1914020,447.0
48.69625000,-91.2021920,448.0
48.70277800,-91.2086450,457.0
48.71049500,-91.2302830,466.0
48.72288300,-91.2518530,449.0
48.72427000,-91.2762630,435.0
48.72391700,-91.3153770,444.0
48.73032300,-91.3318630,431.0
48.73780000,-91.3399400,445.0
48.74002800,-91.3457420,446.0
48.74207700,-91.3682970,437.0
48.73513800,-91.4066530,442.0
48.72793800,-91.4244730,440.0
48.72802500,-91.4520980,442.0
48.72157500,-91.4766930,443.0
48.71605000,-91.4726730,451.0
48.71172000,-91.4744670,440.0
48.70407500,-91.4722200,434.0
48.70651000,-91.4693900,445.0
48.70769500,-91.4690150,442.0
48.70565300,-91.4693930,440.0
48.70906800,-91.4697200,442.0
48.71253700,-91.4742580,441.0
48.71606800,-91.4727200,451.0
48.72130500,-91.4774920,443.0
48.71737800,-91.4892680,446.0
48.71338600,-91.5234631,445.0
48.71664280,-91.5562850,468.0
48.72442910,-91.5911668,417.0
48.75576700,-91.6233020,391.0
48.76382300,-91.6202520,391.0
48.76386200,-91.6157580,391.0
48.75832300,-91.6069200,393.0
48.75484300,-91.6085950,393.0
48.75212500,-91.5997170,395.0
48.74735300,-91.5948620,395.0
48.72893700,-91.6009580,421.0
48.72501200,-91.5991650,412.0
48.72889300,-91.6501550,420.0
48.72870800,-91.6684120,406.0
48.73210800,-91.6823030,409.0
48.73137000,-91.6942970,412.0
48.73842200,-91.7091870,416.0
48.73927200,-91.7204100,414.0
48.73225700,-91.7441580,408.0
48.73206000,-91.7540700,407.0
48.73475500,-91.7636130,399.0
48.73548700,-91.7822550,414.0
48.73034700,-91.8028480,410.0
48.72467700,-91.8172050,414.0
48.72156200,-91.8460280,418.0
48.72499800,-91.8636270,430.0
48.71918000,-91.8958230,394.0
48.72232500,-91.9195100,394.0
48.72583200,-91.9264330,408.0
48.72796200,-91.9399530,407.0
48.72461800,-91.9595270,410.0
48.72791200,-91.9846480,421.0
48.72769300,-91.9941450,428.0
48.72509800,-92.0075750,437.0
48.72579800,-92.0204670,437.0
48.72322000,-92.0294430,442.0
48.72378500,-92.0495150,429.0
48.72689300,-92.0676750,437.0
48.72958000,-92.1023320,420.0
48.73574300,-92.1098300,400.0
48.73937800,-92.1334150,408.0
48.73688700,-92.1506120,418.0
48.74122800,-92.1805800,373.0
48.73788700,-92.2093920,378.0
48.74204800,-92.2266120,375.0
48.74113200,-92.2488480,369.0
48.73547300,-92.2735430,374.0
48.73493000,-92.2900920,379.0
48.73607000,-92.2937420,364.0
48.74119200,-92.2964150,361.0
48.74268000,-92.2999200,369.0
48.74297700,-92.3220950,368.0
48.74002500,-92.3580250,363.0
48.74685510,-92.5362781,369.0
48.75841860,-92.6247181,360.0
48.75922020,-92.6703113,382.0
48.74799500,-92.7212370,382.0
48.74774500,-92.7656300,394.0
48.74522300,-92.7792970,384.0
48.74582500,-92.7868970,399.0
48.73791800,-92.8341170,364.0
48.68804650,-93.0134727,348.0
48.71737270,-93.0393252,348.0
48.71904300,-93.0679830,348.0
48.71318200,-93.1069870,344.0
48.70748200,-93.1172120,345.0
48.70396300,-93.1373630,349.0
48.69535000,-93.1484570,352.0
48.68833200,-93.1834730,343.0
48.68813300,-93.2011330,359.0
48.69071000,-93.2222120,339.0
48.68720200,-93.2446780,341.0
48.68193800,-93.2622780,360.0
48.67730000,-93.2677350,351.0
48.67261200,-93.2779450,341.0
48.66114500,-93.2835950,344.0
48.65386000,-93.2896930,340.0
48.65149700,-93.3229650,342.0
48.63693800,-93.3564120,340.0
48.63124700,-93.3640500,342.0
48.62062500,-93.3640280,338.0
48.62054200,-93.3607370,339.0
48.61778300,-93.3584220,339.0
48.62058200,-93.3608770,340.0
48.62057700,-93.3635530,339.0
48.60997800,-93.3783380,342.0
48.60996800,-93.3994580,342.0
48.61249500,-93.4024670,342.0
48.62120000,-93.6728800,364.0
48.63186200,-93.6837430,358.0
48.63422700,-93.6912900,360.0
48.63411700,-93.8246020,344.0
48.63212200,-93.8370630,340.0
48.64880200,-93.9546970,339.0
48.64878500,-93.9846500,338.0
48.64224700,-93.9845580,331.0
48.63863000,-93.9860100,329.0
48.64215800,-93.9841730,332.0
48.82479500,-93.9856170,356.0
48.82543700,-93.9166230,369.0
48.87738500,-93.9158420,376.0
48.88516200,-93.9238950,387.0
48.90856000,-93.9323780,389.0
48.91778300,-93.9316070,379.0
48.93057000,-93.9246720,378.0
48.94015200,-93.9250130,355.0
48.94850500,-93.9296480,357.0
48.99178700,-93.9248930,337.0
49.00237000,-93.9293570,340.0
49.00647200,-93.9271530,339.0
49.01807800,-93.9122300,353.0
49.03615500,-93.9056720,331.0
49.05532800,-93.8951320,334.0
49.06172300,-93.8939350,335.0
49.06906500,-93.9042700,336.0
49.06518800,-93.9120250,338.0
49.06051700,-93.9104100,336.0
49.05692000,-93.9170320,340.0
49.05738300,-93.9151650,353.0
49.05502500,-93.9143620,333.0
49.05572200,-93.9095870,346.0
49.05738500,-93.9089400,337.0
49.05833700,-93.9132000,349.0
49.06086200,-93.9101550,337.0
49.06468200,-93.9124880,338.0
49.06915300,-93.9041370,335.0
49.08653700,-93.9085480,333.0
49.09594300,-93.9203530,330.0
49.09942500,-93.9196400,335.0
49.10088300,-93.9154500,354.0
49.10381800,-93.9153150,331.0
49.10041000,-93.9160520,352.0
49.09949800,-93.9195400,336.0
49.10546200,-93.9210370,332.0
49.11096500,-93.9262480,328.0
49.12034200,-93.9248430,346.0
49.12652200,-93.9306330,321.0
49.14024000,-93.9249980,363.0
49.15046000,-93.9242270,356.0
49.16109000,-93.9300200,329.0
49.17241500,-93.9304900,324.0
49.18225500,-93.9392700,365.0
49.19390300,-93.9418430,344.0
49.20328800,-93.9604350,350.0
49.20924300,-93.9653600,342.0
49.21523200,-93.9858070,359.0
49.22568500,-93.9914120,349.0
49.22978000,-94.0004820,387.0
49.23955700,-94.0045420,392.0
49.24057000,-94.0087570,376.0
49.23839800,-94.0166970,354.0
49.23881000,-94.0208850,340.0
49.24932000,-94.0321150,343.0
49.27271200,-94.0248920,374.0
49.28047300,-94.0188550,371.0
49.29538500,-94.0215630,383.0
49.30626800,-94.0114830,362.0
49.31325000,-93.9983780,352.0
49.32450800,-93.9926550,347.0
49.33924700,-93.9776020,339.0
49.34465800,-93.9733520,343.0
49.34737700,-93.9735330,332.0
49.35945200,-93.9874450,346.0
49.37297800,-93.9910980,339.0
49.39068700,-94.0122820,346.0
49.39540200,-94.0235530,340.0
49.39399800,-94.0402870,344.0
49.39890700,-94.0538930,327.0
49.39755200,-94.0622400,330.0
49.39812000,-94.0793670,331.0
49.40831500,-94.0958780,333.0
49.41119300,-94.0977330,341.0
49.41701500,-94.0980180,327.0
49.42397300,-94.0908730,335.0
49.42943000,-94.0706100,345.0
49.42673800,-94.0595870,325.0
49.42924700,-94.0476220,336.0
49.42527300,-94.0494570,348.0
49.42932000,-94.0474920,337.0
49.42994200,-94.0364030,331.0
49.42642700,-94.0396120,343.0
49.42177500,-94.0369020,343.0
49.41794700,-94.0310920,333.0
49.41732700,-94.0247500,334.0
49.41615500,-94.0246850,326.0
49.41735200,-94.0247320,334.0
49.41794300,-94.0312550,332.0
49.42225500,-94.0377680,344.0
49.42653000,-94.0396320,343.0
49.42917200,-94.0372820,338.0
49.42919000,-94.0209720,347.0
49.43241700,-94.0157370,330.0
49.43560300,-94.0035180,342.0
49.43956700,-94.0000470,331.0
49.44930000,-94.0034650,353.0
49.45683200,-94.0021100,332.0
49.46961200,-94.0147700,341.0
49.47150000,-94.0191400,356.0
49.47589300,-94.0517620,367.0
49.49081000,-94.0612480,366.0
49.50382800,-94.0518150,362.0
49.51158300,-94.0646730,346.0
49.52305000,-94.0698380,345.0
49.52806700,-94.0677130,355.0
49.53229200,-94.0627070,349.0
49.54032000,-94.0615220,353.0
49.54930000,-94.0538100,359.0
49.55456500,-94.0536180,355.0
49.55720500,-94.0556100,352.0
49.56172500,-94.0674800,349.0
49.57694500,-94.0765880,347.0
49.58228700,-94.0765920,357.0
49.59646500,-94.0710220,367.0
49.60909700,-94.0771750,384.0
49.63065700,-94.0687220,368.0
49.63338200,-94.0695350,367.0
49.63771000,-94.0732150,361.0
49.63922500,-94.0769900,369.0
49.63850500,-94.0929750,374.0
49.63572300,-94.1026450,371.0
49.63956700,-94.1098870,380.0
49.64230500,-94.1338170,376.0
49.65128300,-94.1517680,376.0
49.65216000,-94.1683630,345.0
49.65992800,-94.1911280,333.0
49.66521200,-94.2190400,331.0
49.66977500,-94.2297630,350.0
49.68200000,-94.2348230,350.0
49.68382700,-94.2396930,359.0
49.68629200,-94.2413600,370.0
49.69150500,-94.2391630,351.0
49.69144300,-94.2308330,356.0
49.69154000,-94.2391270,351.0
49.69894800,-94.2378220,374.0
49.70575500,-94.2477600,362.0
49.71280500,-94.2519450,349.0
49.71804000,-94.2522420,342.0
49.72368200,-94.2483720,328.0
49.72645700,-94.2488800,341.0
49.73251200,-94.2841730,338.0
49.73321800,-94.3039780,336.0
49.72879700,-94.3083480,341.0
49.72592800,-94.3317520,337.0
49.72893000,-94.3420920,367.0
49.73935700,-94.3431030,394.0
49.74435300,-94.3547030,372.0
49.74394800,-94.3669150,366.0
49.74657000,-94.3748620,360.0
49.75140800,-94.4141800,364.0
49.74731200,-94.4310720,344.0
49.74739700,-94.4373770,351.0
49.75164000,-94.4490050,354.0
49.75996000,-94.4574920,329.0
49.76016500,-94.4747780,334.0
49.76540000,-94.4778800,328.0
49.76597700,-94.4891820,332.0
49.76915000,-94.4872450,345.0
49.76591000,-94.4892950,332.0
49.76521500,-94.4777130,327.0
49.76226300,-94.4775050,325.0
49.75990700,-94.4735330,333.0
49.75820500,-94.4735920,327.0
49.75918500,-94.4709630,333.0
49.76095500,-94.4763220,325.0
49.76531700,-94.4777730,328.0
49.76640300,-94.4908920,332.0
49.76496300,-94.4919130,325.0
49.76443500,-94.4879270,335.0
49.76320800,-94.4886720,325.0
49.76680800,-94.4922970,323.0
49.76955200,-94.4901930,330.0
49.77085300,-94.4947780,327.0
49.76550300,-94.5063870,332.0
49.76774500,-94.5133780,341.0
49.76670000,-94.5186030,328.0
49.76088500,-94.5304070,327.0
49.75878300,-94.5382530,328.0
49.75599000,-94.5782380,345.0
49.75195800,-94.5896570,352.0
49.74781300,-94.6093520,340.0
49.74688300,-94.6327280,349.0
49.74485700,-94.6417780,351.0
49.74618700,-94.6458700,349.0
49.73939000,-94.6554500,339.0
49.71793500,-94.7179230,364.0
49.71893000,-94.7305430,359.0
49.71541300,-94.7691700,355.0
49.71661000,-94.7815120,356.0
49.71368800,-94.8034270,343.0
49.71711700,-94.8261830,342.0
49.71597700,-94.8323420,340.0
49.71278000,-94.8369130,355.0
49.71302200,-94.8299900,355.0
49.70912300,-94.8273070,359.0
49.70724500,-94.8190220,344.0
49.70569300,-94.8188230,346.0
49.70735800,-94.8192900,342.0
49.70907300,-94.8273150,359.0
49.71434800,-94.8293100,354.0
49.74788300,-95.2189900,370.0
49.74573000,-95.2163370,365.0
49.74291800,-95.2056550,335.0
49.74650300,-95.2168200,365.0
49.74529300,-95.2189580,371.0
49.74216300,-95.2189300,375.0
49.73904200,-95.2106820,373.0
49.73724000,-95.2113320,368.0
49.73628300,-95.2269170,363.0
49.72854300,-95.2509470,348.0
49.70900800,-95.2653500,347.0
49.70609000,-95.2698300,338.0
49.70350300,-95.2847220,347.0
49.68005700,-95.3706220,336.0
49.66110300,-95.4007230,332.0
49.64541700,-95.4524570,325.0
49.63539800,-95.5378830,318.0
49.63546000,-95.6946880,313.0
49.63691800,-95.7007720,313.0
49.64695700,-95.7163900,310.0
49.64868200,-95.7226100,310.0
49.64999800,-95.8289750,304.0
49.66088000,-96.0561620,316.0
49.66296200,-96.0775170,314.0
49.66575300,-96.0918330,314.0
49.67227200,-96.0919000,308.0
49.67493700,-96.0955300,309.0
49.68890500,-96.1324420,307.0
49.69170300,-96.1467230,311.0
49.69267800,-96.1953350,299.0
49.69705000,-96.2077080,298.0
49.70696300,-96.2193350,301.0
49.70738000,-96.2416620,296.0
49.71200500,-96.2405970,295.0
49.70743800,-96.2418220,296.0
49.70739700,-96.2584920,287.0
49.70501000,-96.2608020,288.0
49.70359300,-96.2695300,285.0
49.70089000,-96.2722750,288.0
49.68840000,-96.2790080,297.0
49.68582700,-96.2786130,296.0
49.67839200,-96.2843770,287.0
49.66807300,-96.2786100,292.0
49.65939000,-96.2895230,295.0
49.66316500,-96.3214650,291.0
49.66334800,-96.4564450,286.0
49.75168200,-96.4569470,276.0
49.75211500,-96.6390620,248.0
49.88504000,-96.6373870,256.0
49.88599700,-97.0718400,233.0
49.88194800,-97.0725700,234.0
49.88293700,-97.1085170,232.0
49.88146500,-97.1270130,228.0
49.88408500,-97.1315180,229.0
49.89010700,-97.1348370,233.0
